Part,SN,Config,NO.,Mode,Gloss1,Gloss2,"Gloss_avg1,2",Gloss3,Gloss4,L1.D65,A1.D65,B1.D65,L1.F2,A1.F2,B1.F2,L1.A,A1.A,B1.A,L2.D65,A2.D65,B2.D65,L2.F2,A2.F2,B2.F2,L2.A,A2.A,B2.A,Lvalue,Avalue,Bvalue,"L.F2_avg1,2","A.F2_avg1,2","B.F2_avg1,2","L.A_avg1,2","A.A_avg1,2","B.A_avg1,2",L3.D65,A3.D65,B3.D65,L3.F2,A3.F2,B3.F2,L3.A,A3.A,B3.A,L4.D65,A4.D65,B4.D65,L4.F2,A4.F2,B4.F2,L4.A,A4.A,B4.A,F,Config 2,Items,dye1,dye2,Temp,Time,Na2SO4 (g/L),Dyeing pH,DE*cmc
Kickstand,MJS0000067207676,1,1,SCI,12.18,12.35,12.265,11.4,11.91,84.55,5.77,6.79,85.37,3.49,7.76,85.69,6.33,9.06,84.82,5.65,6.74,85.64,3.4,7.72,85.94,6.19,8.98,84.685,5.71,6.765,85.505,3.445,7.74,85.815,6.26,9.02,84.39,5.97,7.29,85.26,3.58,8.34,85.58,6.56,9.67,84.36,5.99,7.18,85.23,3.61,8.22,85.55,6.59,9.55,10.5,1,++++,0.3,0.048,16,8.4,1,6.8,1.74
Kickstand,MJS0000067310619,1,2,SCI,12.04,11.86,11.95,10.89,11.45,84.3,5.83,6.99,85.14,3.52,7.99,85.46,6.42,9.29,84.54,5.69,6.85,85.36,3.43,7.85,85.67,6.25,9.1,84.42,5.76,6.92,85.25,3.475,7.92,85.565,6.335,9.195,84.01,6.02,7.34,84.89,3.62,8.39,85.21,6.63,9.73,84.0,6.07,7.3,84.88,3.65,8.35,85.21,6.68,9.69,12.1,1,++++,0.3,0.048,16,8.4,1,6.8,1.82
Kickstand,MJS0000067385095,1,3,SCI,12.8,12.33,12.565,11.78,12.28,84.75,5.74,6.91,85.57,3.47,7.89,85.88,6.33,9.18,84.82,5.74,6.97,85.66,3.46,7.97,85.97,6.32,9.25,84.785,5.74,6.94,85.615,3.465,7.93,85.925,6.325,9.215,84.29,6.11,7.59,85.2,3.66,8.69,85.52,6.73,10.04,84.35,6.11,7.4,85.24,3.67,8.46,85.57,6.72,9.82,12.3,1,++++,0.3,0.048,16,8.4,1,6.8,1.75
Kickstand,MJS0000067384848,1,4,SCI,12.89,12.53,12.71,11.99,12.16,84.64,5.76,6.9,85.46,3.47,7.89,85.78,6.33,9.17,84.74,5.73,6.91,85.58,3.45,7.91,85.89,6.29,9.18,84.69,5.745,6.905,85.52,3.46,7.9,85.835,6.31,9.175,84.24,6.12,7.61,85.15,3.67,8.71,85.47,6.74,10.06,84.24,6.15,7.45,85.14,3.69,8.52,85.46,6.75,9.88,11.6,1,++++,0.3,0.048,16,8.4,1,6.8,1.77
Kickstand,MJS0000067343395,1,5,SCI,11.98,11.76,11.87,10.86,11.8,84.59,5.83,6.93,85.43,3.53,7.9,85.75,6.37,9.22,84.77,5.73,6.9,85.61,3.47,7.86,85.92,6.26,9.16,84.68,5.78,6.915,85.52,3.5,7.88,85.835,6.315,9.19,84.26,6.06,7.49,85.13,3.65,8.53,85.45,6.71,9.92,84.28,6.11,7.33,85.14,3.7,8.39,85.5,6.74,9.77,10.9,1,++++,0.3,0.048,16,8.4,1,6.8,1.81
Kickstand,MJS0000067241943,2,11,SCI,11.55,11.26,11.405,10.53,11.06,85.95,3.75,5.41,86.57,2.17,6.18,86.76,4.25,6.98,86.02,3.7,5.45,86.64,2.13,6.23,86.83,4.19,7.02,85.985,3.725,5.43,86.605,2.15,6.205,86.795,4.22,7.0,85.54,3.94,5.83,86.2,2.26,6.66,86.4,4.47,7.51,85.6,3.92,5.62,86.25,2.26,6.42,86.45,4.44,7.26,11.4,2,−−−+,0.2,0.032,14,8.4,1,6.8,0.95
Kickstand,MJS0000067310515,2,12,SCI,12.0,11.99,11.995,10.91,11.37,86.03,3.81,5.51,86.66,2.2,6.3,86.85,4.31,7.12,86.22,3.7,5.46,86.85,2.13,6.24,87.04,4.19,7.03,86.125,3.755,5.485,86.755,2.165,6.27,86.945,4.25,7.075,85.71,3.9,5.79,86.37,2.24,6.62,86.56,4.43,7.46,85.68,3.94,5.69,86.34,2.27,6.5,86.54,4.46,7.34,10.1,2,−−−+,0.2,0.032,14,8.4,1,6.8,0.9
Kickstand,MJS0000067241881,2,13,SCI,12.71,12.35,12.53,11.87,12.07,86.15,3.77,5.39,86.76,2.18,6.15,86.95,4.26,6.97,86.32,3.67,5.3,86.93,2.12,6.06,87.11,4.14,6.85,86.235,3.72,5.345,86.845,2.15,6.105,87.03,4.2,6.91,85.97,3.91,5.82,86.64,2.24,6.65,86.82,4.43,7.5,85.94,3.93,5.65,86.6,2.26,6.46,86.8,4.44,7.31,11.9,2,−−−+,0.2,0.032,14,8.4,1,6.8,0.97
Kickstand,MJS0000067310526,2,14,SCI,11.59,11.46,11.525,10.63,11.52,85.89,3.74,5.41,86.51,2.16,6.18,86.7,4.24,6.98,86.03,3.64,5.3,86.65,2.1,6.08,86.83,4.12,6.85,85.96,3.69,5.355,86.58,2.13,6.13,86.765,4.18,6.915,85.5,3.93,5.75,86.16,2.26,6.58,86.35,4.45,7.42,85.64,3.9,5.51,86.29,2.25,6.3,86.48,4.4,7.14,11.8,2,−−−+,0.2,0.032,14,8.4,1,6.8,1.01
Kickstand,MJS0000067310550,2,15,SCI,12.66,12.2,12.43,12.08,12.4,86.16,3.74,5.37,86.77,2.16,6.14,86.96,4.23,6.95,86.3,3.71,5.37,86.92,2.14,6.14,87.1,4.18,6.94,86.23,3.725,5.37,86.845,2.15,6.14,87.03,4.205,6.945,86.01,3.87,5.75,86.67,2.22,6.57,86.86,4.38,7.41,86.07,3.89,5.61,86.73,2.24,6.41,86.92,4.4,7.26,11.3,2,−−−+,0.2,0.032,14,8.4,1,6.8,0.96
Kickstand,MJS0000067241869,2,16,SCI,12.41,12.0,12.205,11.62,11.75,86.09,3.79,5.43,86.7,2.19,6.2,86.9,4.29,7.01,86.23,3.7,5.38,86.85,2.14,6.15,87.04,4.19,6.94,86.16,3.745,5.405,86.775,2.165,6.175,86.97,4.24,6.975,85.84,3.9,5.81,86.51,2.24,6.64,86.7,4.43,7.49,85.84,3.94,5.69,86.5,2.27,6.51,86.7,4.46,7.36,11.5,2,−−−+,0.2,0.032,14,8.4,1,6.8,0.93
Kickstand,MJS0000067501411,3,23,SCI,12.69,12.21,12.45,11.88,12.13,85.98,4.35,5.77,86.65,2.61,6.62,86.87,4.86,7.53,86.12,4.3,5.76,86.81,2.58,6.62,87.02,4.8,7.52,86.05,4.325,5.765,86.73,2.595,6.62,86.945,4.83,7.525,85.75,4.61,6.22,86.49,2.75,7.13,86.72,5.15,8.11,85.7,4.69,6.2,86.44,2.8,7.1,86.68,5.23,8.1,11.1,3,00A0,0.25,0.04,16,7.0,1,6.8,0.33
Kickstand,MJS0000067384931,3,24,SCI,12.2,12.25,12.225,11.19,12.09,85.99,4.38,5.77,86.66,2.63,6.61,86.89,4.89,7.54,86.26,4.23,5.66,86.94,2.53,6.49,87.15,4.71,7.38,86.125,4.305,5.715,86.8,2.58,6.55,87.02,4.8,7.46,85.55,4.63,6.26,86.29,2.76,7.18,86.52,5.17,8.16,85.7,4.68,6.18,86.44,2.79,7.09,86.67,5.21,8.08,10.3,3,00A0,0.25,0.04,16,7.0,1,6.8,0.37
Kickstand,MJS0000067343124,3,25,SCI,12.51,12.03,12.27,11.59,11.67,85.73,4.5,5.92,86.42,2.7,6.78,86.66,5.02,7.74,85.86,4.44,5.87,86.56,2.66,6.74,86.78,4.94,7.68,85.795,4.47,5.895,86.49,2.68,6.76,86.72,4.98,7.71,85.46,4.7,6.3,86.2,2.81,7.22,86.44,5.24,8.23,85.44,4.71,6.16,86.18,2.82,7.05,86.42,5.24,8.06,11.9,3,00A0,0.25,0.04,16,7.0,1,6.8,0.31
Kickstand,MJS0000067343143,3,26,SCI,12.61,12.19,12.4,11.8,12.41,85.95,4.46,5.82,86.64,2.68,6.68,86.86,4.96,7.63,86.09,4.45,5.84,86.8,2.67,6.71,87.02,4.93,7.65,86.02,4.455,5.83,86.72,2.675,6.695,86.94,4.945,7.64,85.58,4.71,6.31,86.33,2.81,7.24,86.56,5.25,8.25,85.68,4.71,6.12,86.42,2.82,7.01,86.65,5.23,8.02,11.1,3,00A0,0.25,0.04,16,7.0,1,6.8,0.33
Kickstand,MJS0000067390460,3,27,SCI,11.58,11.51,11.545,10.93,11.78,85.66,4.52,5.94,86.36,2.71,6.8,86.59,5.05,7.76,85.9,4.39,5.85,86.6,2.64,6.71,86.82,4.91,7.64,85.78,4.455,5.895,86.48,2.675,6.755,86.705,4.98,7.7,85.6,4.59,6.14,86.33,2.74,7.05,86.55,5.13,8.02,85.68,4.61,6.03,86.41,2.76,6.91,86.64,5.14,7.9,11.5,3,00A0,0.25,0.04,16,7.0,1,6.8,0.3
Bucket,MJS0000067343537,3,31,SCI,12.38,12.66,12.52,12.4,12.6,86.07,4.39,5.79,86.76,2.62,6.65,86.99,4.89,7.59,86.13,4.45,5.8,86.82,2.66,6.66,87.05,4.93,7.62,86.1,4.42,5.795,86.79,2.64,6.655,87.02,4.91,7.605,84.93,4.76,6.31,85.69,2.84,7.25,85.93,5.3,8.25,86.14,4.89,6.55,86.9,2.9,7.51,87.15,5.44,8.55,11.9,3,00A0,0.25,0.04,16,7.0,1,6.8,0.34
Kickstand,MJS0000067501447,4,35,SCI,13.6,13.63,13.615,12.53,13.55,86.96,3.78,6.42,87.68,2.14,7.35,87.84,4.29,8.11,87.17,3.67,6.31,87.89,2.08,7.24,88.04,4.17,7.97,87.065,3.725,6.365,87.785,2.11,7.295,87.94,4.23,8.04,86.68,3.95,6.82,87.45,2.23,7.82,87.61,4.5,8.61,86.75,3.95,6.63,87.51,2.24,7.61,87.67,4.48,8.4,11.5,4,0a00,0.25,0.032,15,7.0,1,6.8,1.45
Kickstand,MJS0000067423635,4,36,SCI,13.88,13.61,13.745,13.56,13.88,86.88,3.85,6.65,87.62,2.18,7.62,87.78,4.39,8.39,87.07,3.77,6.57,87.82,2.13,7.54,87.97,4.29,8.29,86.975,3.81,6.61,87.72,2.155,7.58,87.875,4.34,8.34,86.78,4.02,7.05,87.58,2.26,8.09,87.73,4.58,8.89,86.73,4.06,6.92,87.52,2.29,7.93,87.68,4.6,8.74,12.1,4,0a00,0.25,0.032,15,7.0,1,6.8,1.56
Kickstand,MJS0000067310759,4,37,SCI,14.0,13.64,13.82,13.55,14.27,86.8,3.83,6.53,87.53,2.18,7.48,87.68,4.35,8.25,86.88,3.79,6.55,87.62,2.15,7.52,87.77,4.31,8.26,86.84,3.81,6.54,87.575,2.165,7.5,87.725,4.33,8.255,86.6,4.04,6.82,87.38,2.3,7.82,87.53,4.59,8.64,86.52,4.12,6.73,87.29,2.35,7.71,87.47,4.66,8.55,12.1,4,0a00,0.25,0.032,15,7.0,1,6.8,1.48
Kickstand,MJS0000067423628,4,38,SCI,13.74,13.42,13.58,13.37,13.04,86.88,3.83,6.55,87.61,2.2,7.48,87.82,4.37,8.28,87.04,3.77,6.52,87.79,2.15,7.44,87.95,4.31,8.17,86.96,3.8,6.535,87.7,2.175,7.46,87.885,4.34,8.225,86.7,4.05,6.93,87.48,2.31,7.95,87.64,4.6,8.75,86.7,4.05,6.79,87.44,2.33,7.78,87.63,4.59,8.58,12.3,4,0a00,0.25,0.032,15,7.0,1,6.8,1.49
Kickstand,MJS0000067423884,4,39,SCI,13.56,13.84,13.7,12.51,13.35,86.92,3.88,6.69,87.66,2.2,7.66,87.82,4.43,8.44,87.16,3.77,6.55,87.9,2.13,7.51,88.05,4.29,8.25,87.04,3.825,6.62,87.78,2.165,7.585,87.935,4.36,8.345,86.58,4.15,6.82,87.36,2.37,7.82,87.53,4.7,8.67,86.71,4.1,6.68,87.48,2.34,7.66,87.65,4.64,8.49,12.2,4,0a00,0.25,0.032,15,7.0,1,6.8,1.55
Bucket,MJS0000067162565,4,46,SCI,13.5,13.87,13.685,14.3,13.7,87.12,3.78,6.56,87.87,2.13,7.52,88.02,4.31,8.28,87.2,3.76,6.44,87.93,2.12,7.39,88.08,4.26,8.14,87.16,3.77,6.5,87.9,2.125,7.455,88.05,4.285,8.21,85.86,4.17,7.26,86.67,2.36,8.34,86.85,4.78,9.13,85.53,4.23,7.31,86.35,2.38,8.4,86.52,4.82,9.22,10.7,4,0a00,0.25,0.032,15,7.0,1,6.8,1.52
Kickstand,MJS0000066728780,5,47,SCI,12.86,12.19,12.525,11.73,11.27,84.9,4.95,4.09,85.4,3.09,4.67,85.74,5.43,5.89,85.04,4.91,4.12,85.57,3.04,4.66,85.87,5.37,5.88,84.97,4.93,4.105,85.485,3.065,4.665,85.805,5.4,5.885,84.54,5.1,4.74,85.11,3.13,5.37,85.43,5.65,6.63,84.53,5.13,4.61,85.08,3.14,5.22,85.45,5.68,6.51,11.9,5,−+++,0.2,0.048,16,8.4,1,6.8,3.34
Kickstand,MJS0000066030413,5,48,SCI,12.79,12.47,12.63,11.81,11.8,85.05,4.93,4.14,85.57,3.06,4.69,85.91,5.41,5.91,85.21,4.87,4.16,85.74,3.02,4.71,86.07,5.34,5.91,85.13,4.9,4.15,85.655,3.04,4.7,85.99,5.375,5.91,84.64,5.13,4.86,85.24,3.13,5.51,85.58,5.67,6.77,84.58,5.16,4.69,85.17,3.16,5.31,85.52,5.69,6.57,11.0,5,−+++,0.2,0.048,16,8.4,1,6.8,3.23
Kickstand,MJS0000067129592,5,49,SCI,12.66,12.11,12.385,11.53,11.58,84.91,4.84,3.98,85.42,3.01,4.51,85.75,5.3,5.7,84.93,4.88,4.07,85.46,3.03,4.63,85.79,5.34,5.82,84.92,4.86,4.025,85.44,3.02,4.57,85.77,5.32,5.76,84.43,5.18,4.82,85.02,3.17,5.46,85.37,5.72,6.74,84.43,5.19,4.7,85.02,3.18,5.32,85.37,5.72,6.6,11.1,5,−+++,0.2,0.048,16,8.4,1,6.8,3.38
Kickstand,MJS0000066030294,5,50,SCI,12.0,11.73,11.865,10.74,11.27,84.61,4.95,4.15,85.13,3.08,4.69,85.48,5.44,5.91,84.8,4.88,4.13,85.33,3.03,4.68,85.66,5.36,5.88,84.705,4.915,4.14,85.23,3.055,4.685,85.57,5.4,5.895,84.36,5.06,4.59,84.93,3.11,5.2,85.27,5.59,6.44,84.36,5.1,4.55,84.94,3.13,5.15,85.28,5.62,6.4,11.6,5,−+++,0.2,0.048,16,8.4,1,6.8,3.28
Kickstand,MJS0000066585931,5,51,SCI,11.97,11.8,11.885,10.66,11.22,84.92,4.92,4.07,85.43,3.06,4.6,85.77,5.39,5.82,85.09,4.84,4.09,85.62,3.01,4.63,85.95,5.31,5.83,85.005,4.88,4.08,85.525,3.035,4.615,85.86,5.35,5.825,84.59,5.02,4.59,85.16,3.08,5.19,85.49,5.55,6.43,84.63,5.06,4.49,85.2,3.11,5.09,85.54,5.58,6.33,12.6,5,−+++,0.2,0.048,16,8.4,1,6.8,3.31
Kickstand,MJS0000067129904,6,57,SCI,13.08,12.93,13.005,12.02,12.87,87.33,2.83,4.07,87.8,1.64,4.66,87.94,3.21,5.26,87.52,2.72,3.95,87.98,1.57,4.54,88.11,3.07,5.1,87.425,2.775,4.01,87.89,1.605,4.6,88.025,3.14,5.18,87.06,2.99,4.24,87.56,1.74,4.86,87.71,3.39,5.5,87.13,3.02,4.14,87.63,1.75,4.75,87.78,3.4,5.39,12.0,6,−−+−,0.2,0.032,16,5.6,1,6.8,2.49
Kickstand,MJS0000067129748,6,58,SCI,14.17,13.58,13.875,13.2,13.51,87.23,2.97,4.29,87.76,1.72,4.92,87.88,3.37,5.52,87.39,2.95,4.3,87.9,1.68,4.94,88.0,3.31,5.54,87.31,2.96,4.295,87.83,1.7,4.93,87.94,3.34,5.53,86.96,3.08,4.51,87.47,1.77,5.17,87.58,3.49,5.82,86.89,3.18,4.48,87.43,1.86,5.1,87.6,3.6,5.8,12.5,6,−−+−,0.2,0.032,16,5.6,1,6.8,2.18
Kickstand,MJS0000067162361,6,59,SCI,14.39,13.86,14.125,13.32,13.97,87.35,2.92,4.16,87.83,1.7,4.76,87.98,3.3,5.38,87.48,2.89,4.2,87.97,1.68,4.82,88.11,3.27,5.43,87.415,2.905,4.18,87.9,1.69,4.79,88.045,3.285,5.405,87.03,3.04,4.39,87.54,1.76,5.03,87.69,3.44,5.68,86.99,3.12,4.39,87.51,1.81,5.03,87.67,3.53,5.69,11.9,6,−−+−,0.2,0.032,16,5.6,1,6.8,2.3
Kickstand,MJS0000067310481,6,60,SCI,14.32,13.81,14.065,12.71,12.94,87.26,2.95,4.19,87.74,1.72,4.8,87.89,3.34,5.43,87.38,2.91,4.23,87.87,1.69,4.86,88.01,3.29,5.47,87.32,2.93,4.21,87.805,1.705,4.83,87.95,3.315,5.45,86.91,3.1,4.54,87.44,1.79,5.2,87.59,3.52,5.86,86.88,3.15,4.47,87.41,1.82,5.12,87.56,3.56,5.79,12.8,6,−−+−,0.2,0.032,16,5.6,1,6.8,2.25
Kickstand,MJS0000067129388,6,61,SCI,13.63,13.58,13.605,12.17,12.56,87.17,2.99,4.33,87.67,1.73,4.96,87.82,3.39,5.59,87.35,2.91,4.31,87.85,1.68,4.94,87.99,3.31,5.55,87.26,2.95,4.32,87.76,1.705,4.95,87.905,3.35,5.57,86.89,3.06,4.55,87.42,1.76,5.21,87.56,3.49,5.86,86.81,3.12,4.5,87.33,1.81,5.15,87.49,3.55,5.81,9.8,6,−−+−,0.2,0.032,16,5.6,1,6.8,2.17
Kickstand,MJS0000067207930,7,69,SCI,12.9,12.43,12.665,11.74,12.28,86.69,3.62,6.19,87.36,2.09,7.12,87.49,4.15,7.83,86.83,3.58,6.19,87.51,2.04,7.07,87.64,4.02,7.75,86.76,3.6,6.19,87.435,2.065,7.095,87.565,4.085,7.79,86.45,3.78,6.53,87.16,2.16,7.48,87.31,4.29,8.21,86.49,3.79,6.36,87.21,2.2,7.35,87.37,4.29,8.08,11.0,7,+−−−,0.3,0.032,14,5.6,1,6.8,1.48
Kickstand,MJS0000067310850,7,70,SCI,12.35,12.16,12.255,11.58,11.99,86.55,3.57,6.01,87.26,2.04,6.91,87.39,4.04,7.61,86.71,3.52,6.04,87.39,2.03,6.97,87.58,3.99,7.59,86.63,3.545,6.025,87.325,2.035,6.94,87.485,4.015,7.6,86.39,3.67,6.23,87.08,2.12,7.19,87.26,4.14,7.88,86.26,3.86,6.45,87.0,2.23,7.41,87.16,4.35,8.15,11.6,7,+−−−,0.3,0.032,14,5.6,1,6.8,1.43
Kickstand,MJS0000067343219,7,71,SCI,12.76,12.29,12.525,11.65,11.71,86.68,3.56,6.08,87.37,2.03,6.98,87.51,4.05,7.67,86.75,3.53,6.12,87.45,2.01,7.04,87.59,4.02,7.72,86.715,3.545,6.1,87.41,2.02,7.01,87.55,4.035,7.695,86.35,3.8,6.57,87.1,2.16,7.55,87.24,4.32,8.29,86.33,3.81,6.38,87.06,2.17,7.33,87.21,4.32,8.07,11.6,7,+−−−,0.3,0.032,14,5.6,1,6.8,1.49
Kickstand,MJS0000067501398,7,72,SCI,12.91,12.46,12.685,12.17,12.15,86.91,3.61,6.22,87.61,2.06,7.14,87.76,4.1,7.84,87.07,3.53,6.18,87.77,2.01,7.11,87.91,4.01,7.78,86.99,3.57,6.2,87.69,2.035,7.125,87.835,4.055,7.81,86.62,3.77,6.56,87.37,2.14,7.54,87.51,4.29,8.27,86.61,3.82,6.45,87.35,2.17,7.41,87.5,4.33,8.15,10.8,7,+−−−,0.3,0.032,14,5.6,1,6.8,1.55
Kickstand,MJS0000067343227,7,73,SCI,11.82,11.8,11.81,10.99,11.79,86.44,3.62,6.22,87.14,2.07,7.14,87.29,4.13,7.84,86.63,3.54,6.17,87.34,2.02,7.09,87.47,4.03,7.76,86.535,3.58,6.195,87.24,2.045,7.115,87.38,4.08,7.8,86.21,3.73,6.44,86.94,2.12,7.4,87.08,4.25,8.12,86.3,3.76,6.35,87.03,2.14,7.29,87.18,4.28,8.02,10.4,7,+−−−,0.3,0.032,14,5.6,1,6.8,1.51
Bucket,MJS0000067063329,7,76,SCI,11.76,12.45,12.105,11.6,11.5,87.15,3.51,5.91,87.83,2.0,6.8,87.97,3.98,7.49,87.29,3.48,5.84,87.96,1.98,6.73,88.1,3.93,7.4,87.22,3.495,5.875,87.895,1.99,6.765,88.035,3.955,7.445,86.02,3.98,6.76,86.8,2.26,7.78,86.95,4.51,8.55,86.23,3.93,6.77,86.99,2.22,7.79,87.14,4.47,8.53,11.6,7,+−−−,0.3,0.032,14,5.6,1,6.8,1.45
Kickstand,MJS0000067343404,8,81,SCI,12.53,12.54,12.535,11.67,12.13,85.28,5.42,7.77,86.18,3.18,8.9,86.44,6.02,10.05,85.48,5.33,7.63,86.37,3.13,8.74,86.62,5.92,9.88,85.38,5.375,7.7,86.275,3.155,8.82,86.53,5.97,9.965,85.01,5.58,8.4,85.98,3.24,9.62,86.23,6.22,10.79,85.0,5.62,8.27,85.97,3.27,9.47,86.22,6.25,10.65,10.9,8,000A,0.25,0.04,15,8.4,1,6.8,1.83
Kickstand,MJS0000067385064,8,82,SCI,13.16,12.77,12.965,12.21,12.61,85.59,5.33,7.63,86.47,3.13,8.73,86.72,5.92,9.87,85.71,5.28,7.57,86.59,3.1,8.67,86.84,5.86,9.8,85.65,5.305,7.6,86.53,3.115,8.7,86.78,5.89,9.835,85.25,5.59,8.47,86.23,3.25,9.7,86.48,6.24,10.88,85.16,5.69,8.46,86.14,3.31,9.68,86.4,6.33,10.88,12.4,8,000A,0.25,0.04,15,8.4,1,6.8,1.7
Kickstand,MJS0000067207859,8,83,SCI,12.32,12.28,12.3,11.55,12.2,85.18,5.41,7.7,86.07,3.18,8.81,86.33,6.01,9.96,85.39,5.32,7.59,86.28,3.13,8.7,86.52,5.91,9.83,85.285,5.365,7.645,86.175,3.155,8.755,86.425,5.96,9.895,84.97,5.57,8.31,85.93,3.25,9.51,86.18,6.21,10.68,85.01,5.61,8.21,85.97,3.27,9.41,86.22,6.24,10.58,11.7,8,000A,0.25,0.04,15,8.4,1,6.8,1.78
Kickstand,MJS0000067343388,8,84,SCI,13.02,12.88,12.95,12.49,13.02,85.41,5.36,7.75,86.3,3.14,8.87,86.56,5.96,10.0,85.45,5.4,7.57,86.34,3.18,8.68,86.59,5.98,9.83,85.43,5.38,7.66,86.32,3.16,8.775,86.575,5.97,9.915,85.13,5.63,8.52,86.11,3.27,9.75,86.36,6.27,10.93,85.05,5.7,8.46,86.04,3.31,9.68,86.29,6.34,10.87,11.8,8,000A,0.25,0.04,15,8.4,1,6.8,1.79
Kickstand,MJS0000067423909,8,85,SCI,12.44,12.52,12.48,11.9,12.14,85.54,5.32,7.49,86.41,3.13,8.58,86.67,5.91,9.71,85.75,5.24,7.42,86.63,3.08,8.5,86.87,5.81,9.61,85.645,5.28,7.455,86.52,3.105,8.54,86.77,5.86,9.66,85.39,5.51,8.12,86.33,3.21,9.3,86.58,6.13,10.47,85.32,5.54,7.96,86.25,3.24,9.11,86.51,6.15,10.28,12.0,8,000A,0.25,0.04,15,8.4,1,6.8,1.56
Bucket,MJS0000067063614,8,91,SCI,11.39,12.12,11.755,11.8,12.1,85.21,5.44,7.77,86.11,3.19,8.9,86.37,6.06,10.06,85.34,5.42,7.66,86.24,3.18,8.77,86.5,6.02,9.93,85.275,5.43,7.715,86.175,3.185,8.835,86.435,6.04,9.995,83.86,5.85,8.76,84.87,3.4,10.05,85.14,6.53,11.24,83.51,5.85,8.9,84.51,3.38,10.2,84.78,6.55,11.39,11.9,8,000A,0.25,0.04,15,8.4,1,6.8,1.86
Kickstand,MJS0000067384742,9,93,SCI,11.85,11.73,11.79,10.96,11.58,86.03,4.25,7.3,86.85,2.4,8.38,87.02,4.79,9.21,86.26,4.11,7.16,87.08,2.31,8.23,87.23,4.63,9.03,86.145,4.18,7.23,86.965,2.355,8.305,87.125,4.71,9.12,85.8,4.42,7.73,86.69,2.47,8.89,86.84,4.97,9.74,85.87,4.44,7.63,86.75,2.49,8.77,86.91,4.99,9.63,11.6,9,+−+−,0.3,0.032,16,5.6,1,6.8,1.77
Kickstand,MJS0000067310781,9,94,SCI,12.13,11.9,12.015,11.35,11.67,86.05,4.21,7.1,86.87,2.38,8.16,87.02,4.72,8.99,86.24,4.1,7.04,87.06,2.31,8.1,87.21,4.6,8.9,86.145,4.155,7.07,86.965,2.345,8.13,87.115,4.66,8.945,85.8,4.42,7.65,86.68,2.47,8.81,86.83,4.95,9.67,85.79,4.45,7.56,86.67,2.5,8.69,86.83,4.97,9.56,11.9,9,+−+−,0.3,0.032,16,5.6,1,6.8,1.61
Kickstand,MJS0000067207770,9,95,SCI,12.42,12.12,12.27,11.5,12.27,86.1,4.1,6.96,86.9,2.32,7.99,87.05,4.61,8.8,86.21,4.09,7.03,87.02,2.3,8.08,87.16,4.59,8.88,86.155,4.095,6.995,86.96,2.31,8.035,87.105,4.6,8.84,85.66,4.56,7.98,86.58,2.55,9.17,86.73,5.12,10.06,85.85,4.51,7.75,86.75,2.53,8.91,86.91,5.05,9.78,11.0,9,+−+−,0.3,0.032,16,5.6,1,6.8,1.59
Kickstand,MJS0000067423925,9,96,SCI,12.48,12.24,12.36,11.74,12.27,86.51,4.07,6.93,87.3,2.3,7.96,87.45,4.58,8.76,86.61,4.09,7.09,87.43,2.29,8.15,87.57,4.59,8.95,86.56,4.08,7.01,87.365,2.295,8.055,87.51,4.585,8.855,86.03,4.56,8.1,86.96,2.54,9.31,87.11,5.12,10.19,86.14,4.59,7.93,87.06,2.56,9.12,87.22,5.13,10.01,11.4,9,+−+−,0.3,0.032,16,5.6,1,6.8,1.63
Kickstand,MJS0000067423917,9,97,SCI,12.05,12.05,12.05,11.46,12.13,86.21,4.16,7.08,87.0,2.37,8.14,87.14,4.68,8.94,86.36,4.14,7.09,87.16,2.31,8.15,87.29,4.65,8.98,86.285,4.15,7.085,87.08,2.34,8.145,87.215,4.665,8.96,85.83,4.49,7.91,86.75,2.56,9.07,86.92,5.08,9.91,85.91,4.55,7.75,86.82,2.57,8.88,87.01,5.05,9.75,10.7,9,+−+−,0.3,0.032,16,5.6,1,6.8,1.63
Kickstand,MJS0000067343290,10,105,SCI,11.52,11.44,11.48,10.8,11.3,85.22,5.33,9.28,86.29,3.03,10.6,86.48,5.96,11.68,85.39,5.32,9.25,86.42,2.98,10.59,86.62,5.91,11.63,85.305,5.325,9.265,86.355,3.005,10.595,86.55,5.935,11.655,85.0,5.58,9.91,86.11,3.12,11.38,86.31,6.29,12.43,85.04,5.63,9.79,86.18,3.12,11.17,86.37,6.28,12.26,11.3,10,+−++,0.3,0.032,16,8.4,1,6.8,3.51
Kickstand,MJS0000067207694,10,106,SCI,11.91,11.58,11.745,11.71,11.92,85.37,5.33,9.2,86.4,3.0,10.54,86.6,5.94,11.59,85.25,5.45,9.64,86.32,3.06,11.03,86.52,6.13,12.07,85.31,5.39,9.42,86.36,3.03,10.785,86.56,6.035,11.83,85.22,5.58,9.95,86.34,3.12,11.41,86.49,6.28,12.51,85.45,5.3,9.13,86.49,2.96,10.46,86.66,5.94,11.5,10.6,10,+−++,0.3,0.032,16,8.4,1,6.8,3.67
Kickstand,MJS0000067423717,10,107,SCI,12.15,11.92,12.035,11.29,11.8,85.2,5.32,9.22,86.23,2.99,10.57,86.43,5.96,11.62,85.37,5.25,9.13,86.41,2.94,10.48,86.6,5.87,11.51,85.285,5.285,9.175,86.32,2.965,10.525,86.515,5.915,11.565,85.09,5.46,9.6,86.18,3.05,11.02,86.37,6.11,12.09,85.08,5.5,9.55,86.17,3.07,10.95,86.36,6.14,12.03,11.1,10,+−++,0.3,0.032,16,8.4,1,6.8,3.42
Kickstand,MJS0000067423801,10,108,SCI,11.9,11.77,11.835,10.92,11.49,85.19,5.3,9.15,86.22,2.98,10.49,86.42,5.94,11.54,85.35,5.21,9.1,86.39,2.93,10.43,86.58,5.84,11.46,85.27,5.255,9.125,86.305,2.955,10.46,86.5,5.89,11.5,84.83,5.54,9.74,85.93,3.1,11.17,86.13,6.21,12.26,84.9,5.55,9.66,86.0,3.11,11.08,86.2,6.22,12.16,11.5,10,+−++,0.3,0.032,16,8.4,1,6.8,3.37
Kickstand,MJS0000067423732,10,109,SCI,12.46,11.98,12.22,11.67,12.26,85.23,5.35,9.35,86.28,3.0,10.71,86.48,6.01,11.76,85.3,5.36,9.43,86.37,3.0,10.82,86.56,6.01,11.87,85.265,5.355,9.39,86.325,3.0,10.765,86.52,6.01,11.815,84.98,5.66,10.12,86.12,3.15,11.6,86.31,6.34,12.71,85.02,5.65,9.92,86.15,3.16,11.37,86.35,6.32,12.48,11.6,10,+−++,0.3,0.032,16,8.4,1,6.8,3.64
Kickstand,MJS0000066250751,11,117,SCI,12.97,12.52,12.745,11.92,12.27,85.92,4.04,3.25,86.34,2.53,3.69,86.61,4.43,4.67,86.08,3.98,3.22,86.5,2.49,3.67,86.77,4.35,4.63,86.0,4.01,3.235,86.42,2.51,3.68,86.69,4.39,4.65,85.57,4.3,3.64,86.04,2.67,4.14,86.33,4.72,5.18,85.56,4.33,3.52,86.02,2.69,4.0,86.31,4.74,5.06,11.8,11,−++−,0.2,0.048,16,5.6,1,6.8,3.71
Kickstand,MJS0000066250572,11,118,SCI,12.82,12.45,12.635,11.53,11.84,85.76,4.18,3.22,86.18,2.63,3.66,86.47,4.57,4.68,85.94,4.11,3.28,86.37,2.58,3.74,86.65,4.49,4.73,85.85,4.145,3.25,86.275,2.605,3.7,86.56,4.53,4.705,85.36,4.38,3.78,85.85,2.72,4.3,86.14,4.83,5.37,85.28,4.43,3.68,85.76,2.75,4.19,86.06,4.87,5.26,11.7,11,−++−,0.2,0.048,16,5.6,1,6.8,3.81
Kickstand,MJS0000066030893,11,119,SCI,13.2,12.73,12.965,11.7,12.05,86.01,4.04,3.14,86.42,2.54,3.57,86.7,4.41,4.55,86.15,4.02,3.12,86.57,2.53,3.55,86.84,4.38,4.54,86.08,4.03,3.13,86.495,2.535,3.56,86.77,4.395,4.545,85.48,4.37,3.66,85.95,2.72,4.16,86.24,4.8,5.23,85.51,4.36,3.53,85.98,2.71,4.0,86.27,4.77,5.07,11.8,11,−++−,0.2,0.048,16,5.6,1,6.8,3.9
Kickstand,MJS0000066030880,11,120,SCI,12.32,12.14,12.23,11.25,11.91,85.84,4.1,3.15,86.26,2.57,3.58,86.54,4.48,4.58,86.13,3.93,3.08,86.55,2.47,3.51,86.81,4.29,4.46,85.985,4.015,3.115,86.405,2.52,3.545,86.675,4.385,4.52,85.54,4.22,3.44,85.99,2.63,3.92,86.27,4.62,4.95,85.58,4.24,3.4,86.03,2.64,3.87,86.32,4.65,4.9,11.5,11,−++−,0.2,0.048,16,5.6,1,6.8,3.91
Bucket,MJS0000067100700,11,121,SCI,12.88,13.05,12.965,13.8,13.7,86.13,4.22,3.37,86.58,2.63,3.84,86.87,4.61,4.88,86.1,4.25,3.35,86.54,2.65,3.81,86.83,4.63,4.86,86.115,4.235,3.36,86.56,2.64,3.825,86.85,4.62,4.87,84.9,4.26,3.73,85.38,2.64,4.26,85.67,4.7,5.27,84.03,4.4,4.03,84.53,2.7,4.59,84.82,4.86,5.64,11.3,11,−++−,0.2,0.048,16,5.6,1,6.8,3.72
Kickstand,MJS0000067423607,12,127,SCI,12.48,12.65,12.565,11.83,12.59,85.99,4.52,6.36,86.73,2.67,7.29,86.95,5.05,8.25,86.24,4.41,6.27,86.98,2.6,7.19,87.19,4.92,8.12,86.115,4.465,6.315,86.855,2.635,7.24,87.07,4.985,8.185,85.82,4.57,6.76,86.61,2.67,7.76,86.82,5.12,8.71,85.83,4.6,6.65,86.61,2.69,7.62,86.82,5.15,8.59,11.5,12,00a0,0.25,0.04,14,7.0,1,6.8,0.33
Kickstand,MJS0000067310773,12,128,SCI,12.41,12.41,12.41,11.46,12.58,85.83,4.53,6.41,86.57,2.67,7.35,86.79,5.05,8.31,86.06,4.41,6.23,86.8,2.6,7.16,87.0,4.91,8.08,85.945,4.47,6.32,86.685,2.635,7.255,86.895,4.98,8.195,85.63,4.59,6.77,86.42,2.68,7.76,86.62,5.14,8.72,85.78,4.61,6.62,86.57,2.69,7.6,86.78,5.14,8.56,12.2,12,00a0,0.25,0.04,14,7.0,1,6.8,0.35
Kickstand,MJS0000067310863,12,129,SCI,12.81,12.5,12.655,12.16,12.67,85.94,4.46,6.24,86.67,2.63,7.15,86.89,4.97,8.1,86.09,4.43,6.28,86.83,2.61,7.21,87.04,4.93,8.14,86.015,4.445,6.26,86.75,2.62,7.18,86.965,4.95,8.12,85.89,4.54,6.62,86.67,2.66,7.6,86.87,5.07,8.55,85.85,4.64,6.64,86.63,2.72,7.61,86.85,5.17,8.59,12.8,12,00a0,0.25,0.04,14,7.0,1,6.8,0.28
Kickstand,MJS0000067423778,12,130,SCI,12.59,12.4,12.495,11.54,12.77,85.97,4.54,6.37,86.7,2.7,7.28,86.92,5.07,8.26,86.18,4.46,6.29,86.91,2.64,7.24,87.08,4.95,8.11,86.075,4.5,6.33,86.805,2.67,7.26,87.0,5.01,8.185,85.81,4.61,6.72,86.59,2.69,7.72,86.79,5.11,8.7,85.83,4.65,6.64,86.65,2.74,7.63,86.87,5.18,8.62,11.5,12,00a0,0.25,0.04,14,7.0,1,6.8,0.33
Kickstand,MJS0000067423620,12,131,SCI,12.96,12.74,12.85,12.51,12.78,86.1,4.47,6.33,86.84,2.63,7.25,87.05,4.99,8.19,86.23,4.45,6.31,86.98,2.63,7.24,87.19,4.96,8.18,86.165,4.46,6.32,86.91,2.63,7.245,87.12,4.975,8.185,85.88,4.63,6.85,86.68,2.71,7.86,86.88,5.19,8.83,85.79,4.73,6.83,86.6,2.77,7.83,86.81,5.28,8.82,11.9,12,00a0,0.25,0.04,14,7.0,1,6.8,0.34
Bucket,MJS0000067162741,12,136,SCI,12.17,12.62,12.395,12.2,12.9,86.02,4.44,6.23,86.76,2.61,7.16,86.97,4.96,8.09,86.12,4.46,6.2,86.85,2.62,7.12,87.07,4.96,8.06,86.07,4.45,6.215,86.805,2.615,7.14,87.02,4.96,8.075,85.27,4.75,6.93,86.08,2.77,7.96,86.3,5.32,8.94,86.33,4.84,7.15,87.16,2.81,8.21,87.38,5.41,9.21,12.4,12,00a0,0.25,0.04,14,7.0,1,6.8,0.22
Kickstand,MJS0000067129675,13,139,SCI,13.08,12.52,12.8,11.69,12.06,85.91,3.97,3.14,86.32,2.48,3.52,86.6,4.33,4.49,86.05,3.92,3.13,86.49,2.46,3.56,86.72,4.3,4.5,85.98,3.945,3.135,86.405,2.47,3.54,86.66,4.315,4.495,85.57,4.08,3.43,86.05,2.58,3.93,86.29,4.52,4.92,85.56,4.11,3.36,86.04,2.59,3.83,86.3,4.53,4.82,11.3,13,−+−−,0.2,0.048,14,5.6,1,6.8,3.81
Kickstand,MJS0000066250544,13,140,SCI,12.67,12.52,12.595,11.23,11.77,86.17,3.82,3.07,86.56,2.41,3.48,86.86,4.23,4.39,86.24,3.87,3.1,86.66,2.4,3.55,86.9,4.24,4.48,86.205,3.845,3.085,86.61,2.405,3.515,86.88,4.235,4.435,85.64,4.03,3.42,86.11,2.49,3.86,86.4,4.43,4.81,85.65,4.14,3.48,86.09,2.59,3.94,86.34,4.54,4.95,12.4,13,−+−−,0.2,0.048,14,5.6,1,6.8,3.81
Kickstand,MJS0000066043573,13,141,SCI,12.81,12.37,12.59,11.35,12.01,85.87,3.94,3.11,86.27,2.47,3.54,86.55,4.33,4.48,85.99,3.9,3.14,86.4,2.44,3.57,86.67,4.28,4.51,85.93,3.92,3.125,86.335,2.455,3.555,86.61,4.305,4.495,85.45,4.16,3.53,85.9,2.59,4.01,86.19,4.6,5.02,85.5,4.14,3.41,85.94,2.58,3.87,86.22,4.57,4.88,12.3,13,−+−−,0.2,0.048,14,5.6,1,6.8,3.81
Kickstand,MJS0000066030335,13,142,SCI,12.95,12.52,12.735,11.82,12.07,86.16,3.88,3.05,86.56,2.43,3.46,86.82,4.25,4.41,86.25,3.87,3.1,86.67,2.42,3.53,86.93,4.24,4.47,86.205,3.875,3.075,86.615,2.425,3.495,86.875,4.245,4.44,85.83,4.05,3.45,86.28,2.51,3.93,86.55,4.47,4.91,85.76,4.1,3.35,86.2,2.55,3.81,86.48,4.51,4.8,11.2,13,−+−−,0.2,0.048,14,5.6,1,6.8,3.85
Kickstand,MJS0000066247781,13,143,SCI,12.32,12.17,12.245,11.07,11.67,85.92,3.95,3.12,86.33,2.48,3.54,86.6,4.34,4.5,86.1,3.88,3.08,86.5,2.43,3.51,86.77,4.25,4.45,86.01,3.915,3.1,86.415,2.455,3.525,86.685,4.295,4.475,85.67,4.02,3.33,86.1,2.51,3.79,86.37,4.44,4.77,85.66,4.04,3.28,86.09,2.52,3.72,86.37,4.45,4.7,11.1,13,−+−−,0.2,0.048,14,5.6,1,6.8,3.84
Kickstand,MJS0000067423657,14,149,SCI,12.7,12.7,12.7,12.04,12.36,85.79,4.53,6.33,86.52,2.67,7.24,86.75,5.09,8.21,86.02,4.4,6.23,86.75,2.59,7.14,86.97,4.94,8.07,85.905,4.465,6.28,86.635,2.63,7.19,86.86,5.015,8.14,85.64,4.63,6.44,86.39,2.72,7.37,86.62,5.19,8.36,85.61,4.67,6.38,86.36,2.75,7.31,86.59,5.23,8.3,12.3,14,A000,0.3,0.04,15,7.0,1,6.8,0.31
Kickstand,MJS0000067310715,14,150,SCI,12.82,12.76,12.79,11.65,12.68,85.63,4.52,6.24,86.36,2.67,7.14,86.59,5.06,8.11,85.82,4.42,6.17,86.55,2.6,7.07,86.77,4.94,8.01,85.725,4.47,6.205,86.455,2.635,7.105,86.68,5.0,8.06,85.41,4.65,6.37,86.16,2.74,7.31,86.39,5.2,8.3,85.46,4.67,6.26,86.21,2.76,7.17,86.44,5.21,8.17,11.1,14,A000,0.3,0.04,15,7.0,1,6.8,0.27
Kickstand,MJS0000067207650,14,151,SCI,13.37,13.23,13.3,12.52,12.95,85.85,4.47,6.2,86.56,2.64,7.1,86.79,5.01,8.05,86.02,4.42,6.22,86.75,2.6,7.13,86.97,4.94,8.06,85.935,4.445,6.21,86.655,2.62,7.115,86.88,4.975,8.055,85.56,4.72,6.56,86.33,2.77,7.51,86.56,5.28,8.52,85.59,4.74,6.39,86.35,2.79,7.32,86.59,5.29,8.34,12.5,14,A000,0.3,0.04,15,7.0,1,6.8,0.24
Kickstand,MJS0000067343192,14,152,SCI,13.23,13.02,13.125,12.48,12.41,85.83,4.47,6.17,86.54,2.64,7.06,86.77,5.01,8.02,85.96,4.46,6.22,86.69,2.63,7.13,86.91,4.98,8.08,85.895,4.465,6.195,86.615,2.635,7.095,86.84,4.995,8.05,85.48,4.77,6.58,86.25,2.81,7.53,86.49,5.33,8.56,85.46,4.78,6.43,86.22,2.82,7.36,86.47,5.34,8.39,11.8,14,A000,0.3,0.04,15,7.0,1,6.8,0.22
Kickstand,MJS0000067423838,14,153,SCI,12.34,12.3,12.32,11.26,11.87,85.78,4.51,6.28,86.53,2.7,7.13,86.76,5.07,8.14,85.96,4.47,6.24,86.71,2.66,7.16,86.94,4.96,8.08,85.87,4.49,6.26,86.62,2.68,7.145,86.85,5.015,8.11,85.55,4.73,6.49,86.29,2.76,7.45,86.53,5.26,8.46,85.53,4.73,6.42,86.32,2.83,7.34,86.57,5.29,8.35,10.8,14,A000,0.3,0.04,15,7.0,1,6.8,0.28
Kickstand,MJS0000067423809,15,161,SCI,12.92,12.53,12.725,12.05,12.31,86.0,4.59,5.75,86.69,2.78,6.6,86.92,5.07,7.59,86.04,4.64,5.89,86.76,2.8,6.78,86.99,5.11,7.76,86.02,4.615,5.82,86.725,2.79,6.69,86.955,5.09,7.675,85.62,4.96,6.69,86.42,2.96,7.67,86.65,5.49,8.73,85.6,4.96,6.53,86.39,2.97,7.5,86.63,5.49,8.55,11.0,15,++−−,0.3,0.048,14,5.6,1,6.8,0.55
Kickstand,MJS0000067423816,15,162,SCI,13.18,12.77,12.975,12.33,12.71,86.14,4.6,5.78,86.84,2.78,6.63,87.07,5.07,7.62,86.23,4.6,5.88,86.95,2.78,6.76,87.18,5.06,7.74,86.185,4.6,5.83,86.895,2.78,6.695,87.125,5.065,7.68,85.77,4.89,6.58,86.56,2.92,7.56,86.79,5.41,8.59,85.74,4.94,6.48,86.53,2.96,7.44,86.76,5.45,8.49,10.8,15,++−−,0.3,0.048,14,5.6,1,6.8,0.51
Kickstand,MJS0000067423613,15,163,SCI,12.13,12.1,12.115,11.12,11.96,85.64,4.8,6.09,86.36,2.9,6.99,86.61,5.31,8.01,85.9,4.68,5.98,86.62,2.83,6.88,86.85,5.17,7.87,85.77,4.74,6.035,86.49,2.865,6.935,86.73,5.24,7.94,85.47,4.9,6.4,86.24,2.95,7.35,86.47,5.43,8.4,85.58,4.88,6.27,86.34,2.93,7.2,86.58,5.4,8.23,11.5,15,++−−,0.3,0.048,14,5.6,1,6.8,0.54
Kickstand,MJS0000067423787,15,164,SCI,12.75,12.68,12.715,12.04,12.82,86.04,4.71,5.97,86.76,2.84,6.85,86.99,5.19,7.86,86.22,4.62,5.93,86.94,2.79,6.81,87.16,5.09,7.79,86.13,4.665,5.95,86.85,2.815,6.83,87.075,5.14,7.825,85.85,4.83,6.39,86.62,2.89,7.34,86.85,5.33,8.37,85.85,4.87,6.29,86.62,2.92,7.23,86.85,5.37,8.26,10.4,15,++−−,0.3,0.048,14,5.6,1,6.8,0.47
Kickstand,MJS0000067423796,15,165,SCI,13.25,13.04,13.145,12.77,12.55,85.98,4.73,5.91,86.66,2.87,6.8,86.93,5.21,7.81,86.15,4.67,5.93,86.85,2.85,6.85,87.05,5.15,7.8,86.065,4.7,5.92,86.755,2.86,6.825,86.99,5.18,7.805,85.73,4.92,6.56,86.51,2.97,7.53,86.71,5.44,8.53,85.71,4.94,6.42,86.47,2.98,7.38,86.71,5.45,8.42,11.3,15,++−−,0.3,0.048,14,5.6,1,6.8,0.56
Kickstand,MJS0000067423847,15,166,SCI,12.76,12.74,12.75,11.4,12.3,85.98,4.61,5.74,86.68,2.78,6.63,86.94,5.05,7.56,86.03,4.69,6.08,86.72,2.81,7.01,86.98,5.15,7.99,86.005,4.65,5.91,86.7,2.795,6.82,86.96,5.1,7.775,85.41,4.9,6.53,86.18,2.98,7.49,86.41,5.45,8.51,85.58,4.93,6.5,86.36,2.96,7.46,86.6,5.46,8.48,11.5,15,++−−,0.3,0.048,14,5.6,1,6.8,0.5
Kickstand,MJS0000067343410,16,173,SCI,12.74,12.58,12.66,11.63,12.54,86.63,4.19,5.58,87.24,2.49,6.38,87.45,4.64,7.3,86.76,4.1,5.53,87.42,2.48,6.34,87.62,4.57,7.2,86.695,4.145,5.555,87.33,2.485,6.36,87.535,4.605,7.25,86.34,4.38,6.03,87.02,2.58,6.93,87.24,4.89,7.84,86.35,4.38,5.91,87.03,2.63,6.81,87.28,4.87,7.73,12.2,16,000a,0.25,0.04,15,5.6,1,6.8,0.56
Kickstand,MJS0000067343440,16,174,SCI,13.46,13.1,13.28,12.97,12.81,86.62,4.19,5.59,87.28,2.5,6.4,87.44,4.65,7.29,86.77,4.14,5.48,87.43,2.48,6.35,87.63,4.56,7.23,86.695,4.165,5.535,87.355,2.49,6.375,87.535,4.605,7.26,86.33,4.41,6.04,87.03,2.58,6.91,87.26,4.86,7.87,86.32,4.43,5.94,87.05,2.59,6.8,87.28,4.87,7.72,11.9,16,000a,0.25,0.04,15,5.6,1,6.8,0.58
Kickstand,MJS0000067423742,16,175,SCI,12.69,12.9,12.795,11.93,13.15,86.57,4.23,5.64,87.24,2.51,6.47,87.44,4.69,7.38,86.8,4.12,5.49,87.47,2.45,6.31,87.66,4.56,7.19,86.685,4.175,5.565,87.355,2.48,6.39,87.55,4.625,7.285,86.27,4.39,5.97,86.99,2.6,6.86,87.19,4.87,7.8,86.45,4.37,5.81,87.16,2.59,6.67,87.37,4.83,7.6,12.4,16,000a,0.25,0.04,15,5.6,1,6.8,0.55
Kickstand,MJS0000067423708,16,176,SCI,13.47,13.14,13.305,13.13,13.2,86.61,4.11,5.47,87.26,2.45,6.27,87.46,4.56,7.15,86.69,4.14,5.55,87.36,2.46,6.37,87.56,4.58,7.26,86.65,4.125,5.51,87.31,2.455,6.32,87.51,4.57,7.205,86.4,4.3,5.93,87.11,2.54,6.82,87.31,4.78,7.73,86.22,4.41,5.93,86.94,2.61,6.82,87.15,4.89,7.75,11.1,16,000a,0.25,0.04,15,5.6,1,6.8,0.6
Kickstand,MJS0000067343381,16,177,SCI,12.88,12.9,12.89,12.31,12.79,86.52,4.11,5.4,87.16,2.45,6.2,87.37,4.55,7.07,86.73,4.02,5.32,87.37,2.4,6.12,87.57,4.45,6.97,86.625,4.065,5.36,87.265,2.425,6.16,87.47,4.5,7.02,86.18,4.36,5.9,86.89,2.59,6.77,87.09,4.84,7.7,86.21,4.32,5.82,86.92,2.56,6.68,87.12,4.8,7.6,10.9,16,000a,0.25,0.04,15,5.6,1,6.8,0.76
Bucket,MJS0000067162618,16,181,SCI,11.86,12.55,12.205,11.9,12.7,86.47,4.19,5.54,87.14,2.49,6.37,87.34,4.66,7.27,86.54,4.2,5.53,87.21,2.49,6.36,87.41,4.65,7.25,86.505,4.195,5.535,87.175,2.49,6.365,87.375,4.655,7.26,85.23,4.52,6.46,85.99,2.66,7.42,86.2,5.05,8.35,84.93,4.5,6.51,85.69,2.63,7.48,85.9,5.04,8.4,12.3,16,000a,0.25,0.04,15,5.6,1,6.8,0.57
Kickstand,MJS0000066247856,17,185,SCI,13.2,13.06,13.13,11.58,12.19,85.41,4.73,3.87,85.9,2.97,4.39,86.23,5.15,5.56,85.54,4.65,3.9,86.07,2.92,4.43,86.4,5.11,5.58,85.475,4.69,3.885,85.985,2.945,4.41,86.315,5.13,5.57,85.15,4.85,4.28,85.68,3.02,4.82,86.05,5.35,6.05,85.17,4.85,4.17,85.7,3.04,4.75,86.0,5.35,5.93,9.9,17,−+−+,0.2,0.048,14,8.4,1,6.8,3.38
Kickstand,MJS0000066040688,17,186,SCI,13.45,13.18,13.315,12.13,12.71,85.61,4.7,3.91,86.1,2.93,4.43,86.42,5.16,5.58,85.76,4.65,3.93,86.27,2.89,4.46,86.58,5.1,5.6,85.685,4.675,3.92,86.185,2.91,4.445,86.5,5.13,5.59,85.43,4.88,4.38,85.98,3.0,4.97,86.3,5.37,6.17,85.39,4.89,4.3,85.93,3.01,4.87,86.26,5.38,6.07,12.5,17,−+−+,0.2,0.048,14,8.4,1,6.8,3.3
Kickstand,MJS0000066030874,17,187,SCI,13.53,12.91,13.22,12.19,12.6,85.32,4.7,3.85,85.81,2.93,4.36,86.13,5.15,5.52,85.44,4.68,3.92,85.95,2.91,4.45,86.26,5.12,5.59,85.38,4.69,3.885,85.88,2.92,4.405,86.195,5.135,5.555,84.98,4.9,4.4,85.54,3.01,5.0,85.86,5.4,6.2,84.94,4.93,4.25,85.49,3.04,4.82,85.82,5.42,6.03,10.1,17,−+−+,0.2,0.048,14,8.4,1,6.8,3.38
Kickstand,MJS0000067129510,17,188,SCI,12.46,12.38,12.42,11.46,12.1,85.22,4.72,3.86,85.71,2.94,4.37,86.03,5.16,5.54,85.39,4.63,3.87,85.9,2.88,4.39,86.21,5.07,5.53,85.305,4.675,3.865,85.805,2.91,4.38,86.12,5.115,5.535,85.09,4.75,4.14,85.62,2.94,4.69,85.93,5.23,5.87,85.08,4.8,4.08,85.61,2.97,4.63,85.93,5.27,5.8,11.5,17,−+−+,0.2,0.048,14,8.4,1,6.8,3.39
Kickstand,MJS0000066250675,17,189,SCI,12.64,12.48,12.56,11.27,12.04,85.41,4.68,3.82,85.9,2.92,4.33,86.22,5.13,5.48,85.59,4.62,3.85,86.09,2.87,4.37,86.4,5.05,5.51,85.5,4.65,3.835,85.995,2.895,4.35,86.31,5.09,5.495,85.07,4.73,4.06,85.59,2.93,4.61,85.91,5.2,5.77,85.15,4.76,3.96,85.66,2.96,4.49,85.98,5.23,5.66,12.1,17,−+−+,0.2,0.048,14,8.4,1,6.8,3.41
Kickstand,MJS0000067310682,18,193,SCI,12.28,12.23,12.255,11.52,12.0,86.89,2.94,4.22,87.37,1.71,4.83,87.52,3.35,5.46,87.05,2.86,4.16,87.54,1.66,4.77,87.68,3.26,5.37,86.97,2.9,4.19,87.455,1.685,4.8,87.6,3.305,5.415,86.53,3.03,4.39,87.04,1.75,5.03,87.19,3.46,5.67,86.53,3.07,4.29,87.03,1.78,4.92,87.19,3.49,5.57,12.1,18,−−−−,0.2,0.032,14,5.6,1,6.8,2.27
Kickstand,MJS0000067162310,18,194,SCI,12.98,12.33,12.655,11.93,12.37,87.12,2.88,4.09,87.58,1.68,4.68,87.74,3.28,5.29,87.13,2.85,4.13,87.61,1.66,4.73,87.76,3.24,5.33,87.125,2.865,4.11,87.595,1.67,4.705,87.75,3.26,5.31,86.78,3.03,4.41,87.29,1.75,5.05,87.44,3.45,5.69,86.76,3.08,4.32,87.27,1.79,4.95,87.43,3.5,5.61,12.6,18,−−−−,0.2,0.032,14,5.6,1,6.8,2.35
Kickstand,MJS0000067129413,18,195,SCI,11.7,11.24,11.47,10.75,11.21,86.57,2.92,4.21,87.05,1.7,4.81,87.2,3.33,5.42,86.68,2.82,4.15,87.15,1.64,4.76,87.3,3.23,5.34,86.625,2.87,4.18,87.1,1.67,4.785,87.25,3.28,5.38,86.38,3.02,4.36,86.89,1.75,5.0,87.04,3.44,5.64,86.44,3.04,4.26,86.94,1.77,4.88,87.09,3.46,5.52,11.2,18,−−−−,0.2,0.032,14,5.6,1,6.8,2.29
Kickstand,MJS0000067129733,18,196,SCI,12.29,11.65,11.97,11.44,11.76,86.63,2.92,4.08,87.1,1.71,4.66,87.26,3.33,5.28,86.76,2.85,4.04,87.23,1.67,4.64,87.38,3.24,5.23,86.695,2.885,4.06,87.165,1.69,4.65,87.32,3.285,5.255,86.45,3.05,4.39,86.96,1.77,5.03,87.11,3.48,5.68,86.46,3.06,4.23,86.96,1.78,4.85,87.12,3.47,5.5,10.8,18,−−−−,0.2,0.032,14,5.6,1,6.8,2.36
Kickstand,MJS0000067129840,18,197,SCI,12.37,12.08,12.225,11.46,11.84,86.94,2.94,4.21,87.42,1.71,4.81,87.57,3.34,5.44,87.08,2.86,4.16,87.56,1.66,4.76,87.71,3.25,5.36,87.01,2.9,4.185,87.49,1.685,4.785,87.64,3.295,5.4,86.64,3.03,4.36,87.15,1.76,4.99,87.3,3.45,5.64,86.57,3.11,4.3,87.08,1.81,4.92,87.24,3.53,5.58,11.8,18,−−−−,0.2,0.032,14,5.6,1,6.8,2.28
Kickstand,MJS0000067384905,19,205,SCI,13.05,12.71,12.88,12.13,12.52,85.53,4.83,5.2,86.18,2.98,5.98,86.46,5.29,7.06,85.68,4.73,5.21,86.34,2.9,6.0,86.59,5.19,7.05,85.605,4.78,5.205,86.26,2.94,5.99,86.525,5.24,7.055,85.17,5.1,5.6,85.83,3.1,6.42,86.14,5.61,7.58,85.14,5.11,5.47,85.84,3.17,6.32,86.13,5.6,7.47,11.7,19,+++−,0.3,0.048,16,5.6,1,6.8,1.57
Kickstand,MJS0000067501403,19,206,SCI,12.08,11.94,12.01,11.08,11.84,85.51,4.83,5.21,86.17,2.94,5.95,86.43,5.26,7.02,85.68,4.78,5.26,86.33,2.94,5.98,86.56,5.22,7.07,85.595,4.805,5.235,86.25,2.94,5.965,86.495,5.24,7.045,85.14,5.08,5.58,85.84,3.12,6.45,86.11,5.6,7.54,85.16,5.14,5.47,85.82,3.16,6.28,86.1,5.58,7.42,12.1,19,+++−,0.3,0.048,16,5.6,1,6.8,1.56
Kickstand,MJS0000067501428,19,207,SCI,12.79,12.33,12.56,11.94,11.81,85.65,4.75,5.17,86.29,2.92,5.92,86.56,5.22,6.99,85.74,4.75,5.25,86.4,2.91,6.02,86.66,5.21,7.08,85.695,4.75,5.21,86.345,2.915,5.97,86.61,5.215,7.035,85.16,5.18,5.75,85.87,3.16,6.59,86.16,5.69,7.75,85.09,5.18,5.6,85.79,3.17,6.42,86.09,5.69,7.58,11.0,19,+++−,0.3,0.048,16,5.6,1,6.8,1.52
Kickstand,MJS0000067310604,19,208,SCI,12.88,12.47,12.675,11.86,11.69,85.57,4.73,5.17,86.2,2.9,5.93,86.47,5.19,6.99,85.6,4.75,5.27,86.26,2.91,6.05,86.52,5.21,7.11,85.585,4.74,5.22,86.23,2.905,5.99,86.495,5.2,7.05,85.07,5.15,5.69,85.78,3.14,6.52,86.05,5.64,7.68,84.98,5.16,5.53,85.68,3.15,6.34,85.97,5.64,7.5,10.7,19,+++−,0.3,0.048,16,5.6,1,6.8,1.5
Kickstand,MJS0000067501420,19,209,SCI,11.99,12.02,12.005,11.52,11.94,85.46,4.79,5.18,86.1,2.94,5.94,86.37,5.26,7.01,85.7,4.66,5.11,86.34,2.86,5.86,86.6,5.12,6.89,85.58,4.725,5.145,86.22,2.9,5.9,86.485,5.19,6.95,85.25,4.95,5.41,85.92,3.03,6.2,86.2,5.44,7.31,85.27,5.0,5.37,85.94,3.06,6.16,86.22,5.49,7.27,12.7,19,+++−,0.3,0.048,16,5.6,1,6.8,1.59
Bucket,MJS0000067062681,19,211,SCI,11.56,12.15,11.855,11.2,12.7,85.64,4.85,5.21,86.29,2.97,5.99,86.57,5.32,7.08,85.76,4.82,5.19,86.41,2.94,5.96,86.68,5.27,7.04,85.7,4.835,5.2,86.35,2.955,5.975,86.625,5.295,7.06,84.33,5.27,5.72,85.04,3.22,6.56,85.35,5.78,7.73,84.01,5.29,5.91,84.73,3.22,6.78,85.03,5.83,7.95,12.2,19,+++−,0.3,0.048,16,5.6,1,6.8,1.64
Kickstand,MJS0000067423903,20,217,SCI,12.87,12.57,12.72,12.28,12.76,84.98,5.73,7.39,85.86,3.45,8.46,86.15,6.33,9.7,85.15,5.69,7.54,86.05,3.41,8.64,86.33,6.28,9.86,85.065,5.71,7.465,85.955,3.43,8.55,86.24,6.305,9.78,84.63,6.08,8.65,85.63,3.6,9.9,85.91,6.74,11.19,84.72,6.06,8.4,85.71,3.6,9.62,86.0,6.71,10.9,11.5,20,++−+,0.3,0.048,14,8.4,1,6.8,1.85
Kickstand,MJS0000067423646,20,218,SCI,11.99,12.19,12.09,11.19,12.08,84.62,5.81,7.6,85.51,3.49,8.7,85.81,6.42,9.95,84.89,5.68,7.54,85.78,3.41,8.64,86.07,6.28,9.85,84.755,5.745,7.57,85.645,3.45,8.67,85.94,6.35,9.9,84.5,5.86,8.13,85.46,3.48,9.31,85.73,6.5,10.56,84.59,5.86,8.04,85.54,3.49,9.2,85.82,6.5,10.45,11.3,20,++−+,0.3,0.048,14,8.4,1,6.8,1.97
Kickstand,MJS0000067384875,20,219,SCI,12.54,12.56,12.55,11.49,12.44,84.81,5.82,7.52,85.69,3.51,8.6,86.0,6.43,9.83,85.03,5.69,7.55,85.91,3.42,8.65,86.25,6.32,9.88,84.92,5.755,7.535,85.8,3.465,8.625,86.125,6.375,9.855,84.56,5.97,8.43,85.57,3.55,9.62,85.82,6.65,10.93,84.67,5.99,8.23,85.64,3.57,9.42,85.94,6.62,10.68,10.5,20,++−+,0.3,0.048,14,8.4,1,6.8,1.94
Kickstand,MJS0000067384957,20,220,SCI,13.06,12.89,12.975,12.29,12.5,84.91,5.76,7.41,85.75,3.47,8.49,86.06,6.36,9.7,85.09,5.64,7.41,86.0,3.38,8.45,86.27,6.19,9.69,85.0,5.7,7.41,85.875,3.425,8.47,86.165,6.275,9.695,84.66,5.95,8.18,85.67,3.56,9.37,85.9,6.6,10.64,84.73,5.9,7.87,85.62,3.51,9.02,85.89,6.53,10.26,11.2,20,++−+,0.3,0.048,14,8.4,1,6.8,1.82
Kickstand,MJS0000067310797,20,221,SCI,12.48,12.28,12.38,12.27,12.39,84.65,5.71,7.54,85.54,3.43,8.64,85.83,6.32,9.86,84.8,5.7,7.58,85.7,3.42,8.7,85.98,6.29,9.91,84.725,5.705,7.56,85.62,3.425,8.67,85.905,6.305,9.885,84.42,6.08,8.51,85.41,3.61,9.74,85.7,6.73,11.03,84.41,6.07,8.34,85.39,3.61,9.55,85.68,6.71,10.83,11.5,20,++−+,0.3,0.048,14,8.4,1,6.8,1.93
Bucket,MJS0000067346352,20,226,SCI,11.45,11.93,11.69,11.6,11.9,84.73,5.84,7.81,85.65,3.49,8.95,85.95,6.46,10.21,84.83,5.85,7.85,85.75,3.49,8.99,86.04,6.46,10.24,84.78,5.845,7.83,85.7,3.49,8.97,85.995,6.46,10.225,83.56,6.2,8.96,84.59,3.66,10.27,84.89,6.9,11.54,84.07,6.28,9.05,85.11,3.69,10.38,85.41,6.97,11.67,12.1,20,++−+,0.3,0.048,14,8.4,1,6.8,2.19
Kickstand,MJS0000066030463,21,229,SCI,12.08,11.53,11.805,11.12,11.26,85.69,4.42,6.21,86.41,2.55,7.11,86.63,4.94,8.07,85.82,4.3,6.09,86.54,2.48,6.98,86.75,4.81,7.91,85.755,4.36,6.15,86.475,2.515,7.045,86.69,4.875,7.99,85.47,4.51,6.54,86.23,2.58,7.49,86.44,5.05,8.47,85.35,4.55,6.43,86.11,2.62,7.36,86.33,5.09,8.34,11.6,21,0,0.25,0.04,15,7.0,1,6.8,0.29
Kickstand,MJS0000066040897,21,230,SCI,12.23,11.91,12.07,11.62,11.83,85.88,4.37,6.09,86.58,2.53,6.97,86.8,4.89,7.92,86.03,4.3,6.04,86.74,2.49,6.92,86.95,4.8,7.84,85.955,4.335,6.065,86.66,2.51,6.945,86.875,4.845,7.88,85.78,4.47,6.51,86.54,2.56,7.46,86.75,5.01,8.42,85.69,4.55,6.46,86.45,2.61,7.39,86.67,5.08,8.37,10.5,21,0,0.25,0.04,15,7.0,1,6.8,0.21
Kickstand,MJS0000066250649,21,231,SCI,12.33,12.01,12.17,11.37,11.53,86.04,4.21,5.86,86.72,2.44,6.7,86.93,4.71,7.62,86.16,4.15,5.83,86.85,2.4,6.69,87.05,4.64,7.58,86.1,4.18,5.845,86.785,2.42,6.695,86.99,4.675,7.6,85.72,4.5,6.5,86.48,2.58,7.44,86.69,5.04,8.42,85.61,4.56,6.47,86.37,2.62,7.4,86.59,5.11,8.38,12.1,21,0,0.25,0.04,15,7.0,1,6.8,0.34
Kickstand,MJS0000066040908,21,232,SCI,12.03,11.53,11.78,11.24,11.59,85.9,4.33,6.02,86.6,2.51,6.88,86.82,4.85,7.83,85.99,4.31,6.06,86.7,2.49,6.94,86.91,4.82,7.87,85.945,4.32,6.04,86.65,2.5,6.91,86.865,4.835,7.85,85.7,4.54,6.63,86.47,2.6,7.59,86.68,5.09,8.57,85.68,4.57,6.5,86.44,2.63,7.43,86.66,5.11,8.42,10.8,21,0,0.25,0.04,15,7.0,1,6.8,0.21
Kickstand,MJS0000066250658,21,233,SCI,11.81,11.51,11.66,10.9,11.42,85.92,4.26,5.88,86.6,2.48,6.73,86.82,4.77,7.66,86.07,4.18,5.91,86.77,2.42,6.77,86.97,4.67,7.67,85.995,4.22,5.895,86.685,2.45,6.75,86.895,4.72,7.665,85.6,4.56,6.59,86.37,2.61,7.55,86.58,5.1,8.54,85.58,4.61,6.53,86.35,2.65,7.47,86.57,5.15,8.47,11.3,21,0,0.25,0.04,15,7.0,1,6.8,0.3
Kickstand,MJS0000067310662,22,240,SCI,13.24,12.69,12.965,12.02,12.85,86.34,3.76,5.49,86.97,2.16,6.28,87.16,4.24,7.09,86.43,3.67,5.35,87.05,2.12,6.13,87.23,4.14,6.91,86.385,3.715,5.42,87.01,2.14,6.205,87.195,4.19,7.0,86.06,3.88,5.74,86.73,2.22,6.57,86.91,4.38,7.4,86.13,3.9,5.6,86.79,2.24,6.41,86.98,4.39,7.25,12.6,22,−−++,0.2,0.032,16,8.4,1,6.8,0.96
Kickstand,MJS0000067129854,22,241,SCI,12.99,12.85,12.92,11.93,12.82,86.35,3.76,5.47,86.98,2.17,6.26,87.17,4.24,7.07,86.55,3.64,5.42,87.18,2.09,6.21,87.35,4.11,6.98,86.45,3.7,5.445,87.08,2.13,6.235,87.26,4.175,7.025,86.05,3.9,5.79,86.72,2.23,6.63,86.9,4.41,7.47,86.13,3.91,5.63,86.78,2.25,6.45,86.98,4.41,7.29,13.8,22,−−++,0.2,0.032,16,8.4,1,6.8,0.97
Kickstand,MJS0000067129778,22,242,SCI,13.0,12.97,12.985,11.98,12.7,86.41,3.77,5.56,87.04,2.17,6.36,87.23,4.26,7.17,86.59,3.68,5.51,87.22,2.11,6.31,87.4,4.16,7.09,86.5,3.725,5.535,87.13,2.14,6.335,87.315,4.21,7.13,86.22,3.88,5.8,86.89,2.22,6.63,87.08,4.4,7.47,86.19,3.92,5.69,86.86,2.25,6.51,87.05,4.42,7.35,12.0,22,−−++,0.2,0.032,16,8.4,1,6.8,0.93
Kickstand,MJS0000067208141,22,243,SCI,14.17,13.56,13.865,13.3,13.55,86.45,3.75,5.42,87.07,2.17,6.19,87.26,4.24,7.01,86.61,3.71,5.42,87.24,2.14,6.2,87.42,4.18,7.0,86.53,3.73,5.42,87.155,2.155,6.195,87.34,4.21,7.005,86.25,3.94,5.92,86.93,2.26,6.77,87.11,4.46,7.62,86.25,3.98,5.78,86.93,2.29,6.61,87.12,4.49,7.47,12.1,22,−−++,0.2,0.032,16,8.4,1,6.8,0.94
Kickstand,MJS0000067162458,22,244,SCI,13.64,13.31,13.475,13.18,13.49,86.33,3.79,5.53,86.96,2.19,6.32,87.15,4.29,7.14,86.46,3.74,5.53,87.09,2.15,6.33,87.28,4.22,7.13,86.395,3.765,5.53,87.025,2.17,6.325,87.215,4.255,7.135,86.17,3.97,5.96,86.86,2.27,6.82,87.04,4.49,7.67,86.12,4.0,5.81,86.8,2.29,6.65,87.0,4.51,7.51,12.3,22,−−++,0.2,0.032,16,8.4,1,6.8,0.88
Kickstand,MJS0000067129822,23,252,SCI,13.89,13.43,13.66,12.86,12.81,86.69,3.93,3.89,87.19,2.42,4.47,87.41,4.27,5.36,86.83,3.86,3.88,87.34,2.37,4.47,87.55,4.19,5.33,86.76,3.895,3.885,87.265,2.395,4.47,87.48,4.23,5.345,86.45,4.12,4.31,87.01,2.51,4.97,87.23,4.49,5.9,86.31,4.19,4.25,86.87,2.56,4.88,87.1,4.56,5.83,10.3,23,a000,0.2,0.04,15,7.0,1,6.8,2.63
Kickstand,MJS0000067129544,23,253,SCI,13.65,13.39,13.52,12.62,12.8,86.52,3.93,3.92,87.03,2.41,4.51,87.25,4.27,5.39,86.64,3.91,3.94,87.16,2.41,4.54,87.38,4.25,5.42,86.58,3.92,3.93,87.095,2.41,4.525,87.315,4.26,5.405,86.16,4.18,4.38,86.73,2.55,5.04,86.95,4.56,5.99,86.1,4.22,4.26,86.67,2.58,4.9,86.9,4.59,5.85,11.2,23,a000,0.2,0.04,15,7.0,1,6.8,2.57
Kickstand,MJS0000067310807,23,254,SCI,13.07,13.03,13.05,12.27,12.41,86.6,3.99,4.03,87.12,2.44,4.63,87.34,4.33,5.53,86.83,3.89,3.94,87.35,2.39,4.54,87.56,4.22,5.41,86.715,3.94,3.985,87.235,2.415,4.585,87.45,4.275,5.47,86.41,4.1,4.23,86.96,2.5,4.87,87.18,4.46,5.79,86.36,4.14,4.13,86.9,2.53,4.75,87.13,4.5,5.68,9.4,23,a000,0.2,0.04,15,7.0,1,6.8,2.51
Kickstand,MJS0000067310950,23,255,SCI,13.09,12.91,13.0,11.79,12.52,86.57,4.01,4.0,87.08,2.46,4.6,87.31,4.36,5.5,86.69,3.96,4.06,87.22,2.42,4.68,87.43,4.3,5.56,86.63,3.985,4.03,87.15,2.44,4.64,87.37,4.33,5.53,86.2,4.18,4.42,86.77,2.55,5.08,86.99,4.56,6.02,86.28,4.2,4.26,86.84,2.56,4.91,87.07,4.56,5.85,9.9,23,a000,0.2,0.04,15,7.0,1,6.8,2.47
Kickstand,MJS0000067162473,23,256,SCI,13.58,13.02,13.3,12.32,13.54,86.5,4.0,3.94,87.01,2.46,4.53,87.24,4.35,5.44,86.6,3.97,4.01,87.13,2.44,4.62,87.34,4.31,5.51,86.55,3.985,3.975,87.07,2.45,4.575,87.29,4.33,5.475,86.25,4.19,4.36,86.82,2.56,5.02,87.04,4.56,5.96,86.25,4.26,4.32,86.81,2.6,4.97,87.05,4.63,5.93,10.1,23,a000,0.2,0.04,15,7.0,1,6.8,2.55
Kickstand,MJS0000067242053,24,264,SCI,13.01,12.44,12.725,11.7,11.9,85.46,4.43,5.95,86.2,2.62,6.78,86.41,4.96,7.76,85.63,4.33,5.94,86.32,2.58,6.79,86.59,4.85,7.73,85.545,4.38,5.945,86.26,2.6,6.785,86.5,4.905,7.745,85.15,4.7,6.55,85.9,2.75,7.47,86.14,5.23,8.45,85.22,4.72,6.4,85.99,2.73,7.3,86.21,5.25,8.32,11.2,24,0,0.25,0.04,15,7.0,1,6.8,0.29
Kickstand,MJS0000067242097,24,265,SCI,12.4,12.15,12.275,11.4,11.91,85.35,4.44,6.06,86.09,2.59,6.91,86.28,4.94,7.86,85.55,4.38,6.01,86.28,2.54,6.92,86.47,4.84,7.79,85.45,4.41,6.035,86.185,2.565,6.915,86.375,4.89,7.825,85.04,4.68,6.59,85.82,2.75,7.56,86.05,5.26,8.55,85.2,4.73,6.51,85.98,2.76,7.42,86.23,5.29,8.47,11.4,24,0,0.25,0.04,15,7.0,1,6.8,0.3
Kickstand,MJS0000067207898,24,266,SCI,12.04,11.86,11.95,11.16,11.58,85.52,4.4,5.99,86.22,2.58,6.85,86.44,4.92,7.8,85.79,4.27,5.85,86.48,2.5,6.72,86.69,4.77,7.62,85.655,4.335,5.92,86.35,2.54,6.785,86.565,4.845,7.71,85.32,4.63,6.41,86.07,2.7,7.35,86.3,5.17,8.34,85.28,4.68,6.35,86.03,2.73,7.28,86.26,5.22,8.28,12.1,24,0,0.25,0.04,15,7.0,1,6.8,0.27
Kickstand,MJS0000067129801,24,267,SCI,12.88,12.24,12.56,11.69,11.92,85.58,4.31,5.81,86.26,2.54,6.65,86.48,4.82,7.58,85.65,4.29,5.87,86.34,2.52,6.73,86.56,4.8,7.64,85.615,4.3,5.84,86.3,2.53,6.69,86.52,4.81,7.61,85.19,4.69,6.57,85.96,2.73,7.53,86.19,5.25,8.53,85.14,4.74,6.45,85.91,2.76,7.4,86.14,5.28,8.4,12.7,24,0,0.25,0.04,15,7.0,1,6.8,0.34
Kickstand,MJS0000067129494,24,268,SCI,12.5,12.08,12.29,11.31,11.94,85.5,4.42,5.9,86.18,2.6,6.76,86.41,4.94,7.71,85.63,4.4,5.99,86.33,2.58,6.87,86.55,4.91,7.81,85.565,4.41,5.945,86.255,2.59,6.815,86.48,4.925,7.76,85.04,4.72,6.63,85.82,2.74,7.6,86.04,5.28,8.61,85.18,4.71,6.42,85.95,2.75,7.36,86.18,5.26,8.36,9.4,24,0,0.25,0.04,15,7.0,1,6.8,0.29
Bucket,MJS0000067207588,24,271,SCI,11.97,12.4,12.185,12.7,13.2,85.65,4.53,6.02,86.36,2.66,6.91,86.6,5.07,7.88,85.79,4.48,5.96,86.49,2.63,6.83,86.73,5.0,7.8,85.72,4.505,5.99,86.425,2.645,6.87,86.665,5.035,7.84,84.65,4.7,6.64,85.43,2.73,7.61,85.67,5.28,8.6,84.48,4.75,6.75,85.26,2.75,7.74,85.49,5.33,8.73,11.9,24,0,0.25,0.04,15,7.0,1,6.8,0.27
Kickstand,MJS0000067501465,25,275,SCI,12.77,12.83,12.8,11.68,12.28,85.77,4.71,5.16,86.41,2.9,5.92,86.67,5.16,6.96,85.92,4.69,5.23,86.58,2.88,6.0,86.83,5.14,7.04,85.845,4.7,5.195,86.495,2.89,5.96,86.75,5.15,7.0,85.42,5.12,6.05,86.16,3.11,6.95,86.43,5.62,8.07,85.41,5.15,6.0,86.15,3.13,6.88,86.42,5.66,8.01,12.7,25,0A00,0.25,0.048,15,7.0,1,6.8,1.48
Kickstand,MJS0000067501393,25,276,SCI,13.17,12.81,12.99,12.33,12.47,85.81,4.71,5.14,86.45,2.9,5.89,86.71,5.16,6.93,86.01,4.63,5.11,86.65,2.85,5.87,86.91,5.07,6.89,85.91,4.67,5.125,86.55,2.875,5.88,86.81,5.115,6.91,85.5,5.08,5.96,86.23,3.09,6.84,86.5,5.59,7.96,85.4,5.14,5.92,86.14,3.13,6.79,86.41,5.65,7.92,11.2,25,0A00,0.25,0.048,15,7.0,1,6.8,1.53
Kickstand,MJS0000067384566,25,277,SCI,12.85,12.49,12.67,12.32,12.27,85.47,4.96,5.45,86.14,3.05,6.25,86.42,5.43,7.35,85.61,4.96,5.42,86.29,3.05,6.22,86.56,5.41,7.32,85.54,4.96,5.435,86.215,3.05,6.235,86.49,5.42,7.335,85.22,5.23,6.21,85.98,3.18,7.12,86.25,5.75,8.28,85.13,5.26,6.05,85.88,3.21,6.93,86.16,5.78,8.1,9.4,25,0A00,0.25,0.048,15,7.0,1,6.8,1.52
Kickstand,MJS0000067385039,25,278,SCI,12.77,12.38,12.575,12.04,12.21,85.5,4.98,5.47,86.17,3.07,6.27,86.45,5.46,7.38,85.6,4.97,5.5,86.29,3.05,6.32,86.56,5.44,7.42,85.55,4.975,5.485,86.23,3.06,6.295,86.505,5.45,7.4,85.22,5.23,6.16,85.98,3.18,7.06,86.25,5.75,8.22,85.22,5.25,6.03,85.97,3.2,6.91,86.25,5.76,8.07,12.9,25,0A00,0.25,0.048,15,7.0,1,6.8,1.48
Kickstand,MJS0000067501473,25,279,SCI,12.02,12.02,12.02,11.47,12.03,85.31,5.05,5.52,85.99,3.11,6.33,86.28,5.54,7.46,85.53,4.97,5.5,86.22,3.05,6.32,86.49,5.44,7.42,85.42,5.01,5.51,86.105,3.08,6.325,86.385,5.49,7.44,85.25,5.13,5.92,85.98,3.12,6.8,86.25,5.63,7.93,85.26,5.16,5.84,85.98,3.15,6.69,86.26,5.66,7.83,10.7,25,0A00,0.25,0.048,15,7.0,1,6.8,1.5
Bucket,MJS0000067384518,25,286,SCI,11.87,12.62,12.245,12.1,12.9,85.59,4.97,5.47,86.28,3.05,6.29,86.56,5.45,7.4,85.71,4.96,5.45,86.39,3.03,6.26,86.66,5.41,7.36,85.65,4.965,5.46,86.335,3.04,6.275,86.61,5.43,7.38,84.52,5.32,6.36,85.3,3.23,7.3,85.59,5.87,8.45,84.94,5.29,6.47,85.71,3.19,7.43,85.99,5.84,8.57,10.9,25,0A00,0.25,0.048,15,7.0,1,6.8,1.49
Kickstand,MJS0000067207714,26,287,SCI,11.83,11.81,11.82,10.77,11.22,85.21,4.88,8.51,86.17,2.75,9.76,86.35,5.5,10.72,85.42,4.77,8.48,86.38,2.67,9.73,86.55,5.38,10.66,85.315,4.825,8.495,86.275,2.71,9.745,86.45,5.44,10.69,84.65,5.14,9.18,85.69,2.87,10.53,85.86,5.78,11.52,84.84,5.13,8.98,85.87,2.88,10.3,86.05,5.77,11.3,11.5,26,+−−+,0.3,0.032,14,8.4,1,6.8,2.82
Kickstand,MJS0000067207735,26,288,SCI,12.06,11.95,12.005,11.41,11.62,85.3,4.88,8.54,86.26,2.74,9.79,86.45,5.49,10.75,85.49,4.81,8.53,86.46,2.69,9.79,86.63,5.41,10.73,85.395,4.845,8.535,86.36,2.715,9.79,86.54,5.45,10.74,85.13,5.04,8.98,86.15,2.81,10.31,86.32,5.66,11.28,85.06,5.09,8.92,86.07,2.85,10.23,86.26,5.71,11.22,12.3,26,+−−+,0.3,0.032,14,8.4,1,6.8,2.86
Kickstand,MJS0000067310464,26,289,SCI,12.26,11.85,12.055,11.22,11.65,85.3,4.88,8.53,86.22,2.79,9.82,86.4,5.53,10.75,85.48,4.82,8.53,86.45,2.68,9.76,86.64,5.45,10.73,85.39,4.85,8.53,86.335,2.735,9.79,86.52,5.49,10.74,84.93,5.1,9.12,85.92,2.84,10.44,86.14,5.75,11.43,84.96,5.11,8.99,86.02,2.86,10.28,86.16,5.77,11.28,12.2,26,+−−+,0.3,0.032,14,8.4,1,6.8,2.85
Kickstand,MJS0000067423875,26,290,SCI,12.62,12.3,12.46,11.79,12.06,85.63,4.87,8.61,86.59,2.73,9.87,86.77,5.49,10.82,85.73,4.86,8.69,86.71,2.72,9.97,86.88,5.47,10.91,85.68,4.865,8.65,86.65,2.725,9.92,86.825,5.48,10.865,85.24,5.21,9.46,86.31,2.89,10.85,86.48,5.86,11.87,85.27,5.24,9.28,86.32,2.92,10.64,86.51,5.88,11.66,13.4,26,+−−+,0.3,0.032,14,8.4,1,6.8,2.97
Kickstand,MJS0000067310748,26,291,SCI,12.75,12.43,12.59,11.98,11.77,85.33,4.88,8.43,86.28,2.74,9.68,86.45,5.45,10.61,85.6,4.76,8.35,86.56,2.7,9.62,86.71,5.37,10.53,85.465,4.82,8.39,86.42,2.72,9.65,86.58,5.41,10.57,84.99,5.16,9.1,86.01,2.91,10.47,86.22,5.77,11.42,84.92,5.1,8.78,85.93,2.9,10.09,86.1,5.71,11.05,11.6,26,+−−+,0.3,0.032,14,8.4,1,6.8,2.7
